feature_set,test_load,logreg_accuracy,rf_accuracy,n_train,n_test
baseline,0,0.335042735042735,0.8854700854700854,3510,1170
baseline,1,0.8829059829059829,0.9957264957264957,3510,1170
baseline,2,0.8897435897435897,0.994017094017094,3510,1170
baseline,3,0.7521367521367521,0.9435897435897436,3510,1170
enhanced,0,0.5367521367521367,0.9829059829059829,3510,1170
enhanced,1,0.9829059829059829,0.9965811965811966,3510,1170
enhanced,2,0.9974358974358974,1.0,3510,1170
enhanced,3,0.9854700854700855,0.9658119658119658,3510,1170
