feature,importance
rms,0.19535424619305483
std,0.1901271885927666
peak_to_peak,0.18895544289836252
shape_factor,0.1160986116176027
kurtosis,0.11579752926546619
dominant_frequency,0.0750061681271375
clearance_factor,0.06766730822330286
impulse_factor,0.022567789240781736
crest_factor,0.012749581697126573
skewness,0.01036979551406264
mean,0.0053063386303358094
